id,monday,summaries,at_home,satisfaction,health,bedtime_decimal,wake_decimal,bedtime,wake,sleep_duration,hr,hrv,readiness,activity,sleep,active_cals,pains,workouts,strength,cardio,mobility,ate_out,outings,drinks,quotes,events,book,tv,movie,videogame,youtube,time_bike,time_car,time_running,time_walking
2026-W13,3/23/26,7,7,6.4,10,0.963,0.314,23:07:25,7:31:49,8.41,53,25,84,85,81,3169,1,7,3,3,1,3,4,2,0,3,4,2,1,0,94,9824.62,151336.94,2968.77,4669.02
2026-W12,3/16/26,7,7,7.1,10,0.993,0.333,23:50:22,7:59:32,8.15,55,26,83,83,81,3100,0,6,2,3,1,2,3,8,1,2,0,3,0,0,64,0,201371.43,0,2380.9
2026-W11,3/9/26,7,5,6.1,9.7,1.012,0.325,0:17:40,7:47:32,7.5,55,24,77,87,78,3051,1,4,1,2,1,8,10,4,4,4,2,0,0,0,92,7599.1,218710.2,3812.5,5792.71
2026-W10,3/2/26,7,7,6.4,9.3,1.001,0.329,0:01:56,7:53:16,7.86,52,24,81,89,80,2994,0,4,2,1,1,3,4,0,0,1,2,0,2,0,109,0,243772.48,0,1634.31
2026-W09,2/23/26,7,6,7.4,8,0.994,0.301,23:51:22,7:13:12,7.36,54,24,76,91,79,3157,1,4,1,2,1,4,5,4,1,3,1,0,0,0,83,10044.97,210030.49,0,362.96
2026-W08,2/16/26,7,4,6.4,8.9,0.964,0.308,23:07:52,7:23:40,8.26,55,22,73,91,76,3219,2,1,1,0,0,0,0,1,1,0,0,0,0,0,33,0,74238.48,4447.24,116.34
2026-W07,2/9/26,7,7,6.9,9.1,0.986,0.323,23:39:09,7:44:59,8.1,55,24,77,86,77,3209,0,5,1,4,0,3,4,3,2,2,1,3,0,0,113,0,186958.57,0,3856.09
2026-W06,2/2/26,7,4,5.4,8.6,0.976,0.316,23:25:14,7:35:35,8.17,54,23,80,87,80,3066,2,3,1,1,1,5,5,1,0,0,0,6,0,0,86,0,225671.7,0,4206.45
2026-W05,1/26/26,7,7,7.6,9.1,0.965,0.316,23:09:17,7:34:37,8.42,54,28,82,83,75,3019,0,4,2,1,1,2,4,5,1,1,0,4,0,0,81,0,174509.23,0,151.25
2026-W04,1/19/26,7,7,7.3,7.9,0.972,0.327,23:19:35,7:50:42,8.52,54,28,83,84,82,3121,1,6,2,3,1,2,3,2,0,2,0,2,0,1,79,0,128789.66,2925.3,192.7
2026-W03,1/12/26,7,7,7,9,0.983,0.338,23:34:52,8:07:15,8.54,54,25,75,86,78,3041,0,2,1,1,0,3,5,3,0,0,0,1,1,0,94,0,265129.96,0,1364.9
2026-W02,1/5/26,7,7,4.9,8.6,0.979,0.333,23:29:14,7:59:24,8.5,55,26,75,81,82,3079,0,4,2,1,1,4,5,3,1,0,0,0,0,1,94,5061.24,204677.66,0,69.37
2026-W01,12/29/25,7,6,5.9,9.6,1.03,0.376,0:43:30,9:01:02,8.29,54,27,79,72,81,2960,0,3,2,1,0,2,2,0,0,1,1,0,0,3,84,0,78366.07,0,0
2025-W52,12/22/25,7,3,6.9,9.1,0.992,0.357,23:48:22,8:33:50,8.76,53,29,81,85,82,3123,1,2,1,1,0,3,4,5,0,0,0,0,0,1,83,0,303594.67,4818.06,2463.01
2025-W51,12/15/25,7,7,6.1,9,0.981,0.333,23:32:21,7:59:51,8.46,51,32,81,74,79,2962,0,2,1,0,1,1,1,9,2,2,1,0,1,0,113,0,217218.98,0,144.41
2025-W50,12/8/25,7,7,5.6,9.6,1.008,0.339,0:11:44,8:08:13,7.94,54,34,85,70,84,2749,0,2,1,1,0,5,5,8,0,1,1,0,0,0,76,0,199804.68,0,1841.63
2025-W49,12/1/25,7,7,5.3,9.6,1.007,0.323,0:09:43,7:45:35,7.6,52,39,77,78,65,2725,0,3,2,0,1,0,0,5,2,0,1,0,0,0,100,0,121804.47,0,1900.04
2025-W48,11/24/25,7,5,5.5,9.4,0.998,0.356,23:56:41,8:32:19,8.59,54,32,82,65,83,2738,0,0,0,0,0,1,1,4,0,0,0,0,1,0,84,0,83475.43,2999.96,0
2025-W47,11/17/25,7,5,6.3,9.6,0.988,0.316,23:42:09,7:34:52,7.88,53,35,86,67,82,3018,0,3,2,1,0,5,6,9,1,0,0,0,0,0,101,0,325438.56,0,0
2025-W46,11/10/25,7,4,5.4,10,0.942,0.307,22:36:23,7:21:28,8.75,54,33,86,74,90,2995,0,2,1,1,0,5,5,10,0,0,0,0,0,0,94,0,495932.44,1832.91,908.02
2025-W45,11/3/25,7,7,6.4,9.7,0.944,0.3,22:39:03,7:12:05,8.55,50,36,86,86,85,3046,0,4,2,2,0,7,8,5,1,5,0,0,0,0,83,8639.84,216032.94,1990.94,1516.62
2025-W44,10/27/25,7,7,6.1,10,0.988,0.318,23:43:24,7:38:05,7.91,52,34,82,88,81,3135,0,5,1,2,2,1,2,8,1,3,0,0,0,0,94,3554.69,181745.7,2856.93,376.79
2025-W43,10/20/25,7,7,6.4,9.3,1.001,0.346,0:01:42,8:17:35,8.26,51,37,86,79,81,3148,1,6,3,3,0,3,3,6,0,0,2,1,0,0,149,0,289568.94,0,7876.69
2025-W42,10/13/25,7,7,6.9,10,0.984,0.326,23:36:50,7:49:28,8.21,50,36,87,79,86,3007,1,3,0,2,1,3,3,7,0,0,0,3,0,0,92,5590.81,148991.76,0,5145.6
2025-W41,10/6/25,7,7,5.6,9.6,0.964,0.323,23:08:34,7:44:45,8.6,50,35,86,79,88,2954,0,3,0,2,1,3,4,10,2,1,0,1,0,0,168,0,314903.52,0,2558.37
2025-W40,9/29/25,7,7,6.6,10,0.919,0.377,22:03:04,9:02:53,7.57,50,39,85,89,77,3152,0,2,1,1,0,4,6,6,2,1,2,1,0,1,122,1855.79,199632.08,2297.18,3138.93
2025-W39,9/22/25,7,5,6.1,10,0.994,0.339,23:52:04,8:07:29,8.26,50,35,88,82,83,2974,0,2,1,1,0,3,4,5,1,1,1,1,2,2,145,0,174810.62,1593.88,3782.69
2025-W38,9/15/25,7,7,6.1,10,0.993,0.323,23:49:33,7:45:02,7.92,51,35,87,81,83,3116,0,4,1,3,0,2,2,8,1,0,0,1,0,5,139,6250.68,223927.91,1353.12,186.53
2025-W37,9/8/25,7,7,5.4,8.7,0.999,0.315,23:58:20,7:33:56,7.59,53,35,83,81,81,3011,1,3,2,1,0,3,4,6,0,1,0,0,0,7,81,69.29,213384.93,3017.49,2160.4
2025-W36,9/1/25,7,6,6.1,8.9,0.979,0.321,23:29:26,7:42:33,8.22,54,34,85,74,84,3047,2,4,2,2,0,2,4,1,0,4,0,0,0,4,60,0,228296.89,1876.14,822.12
2025-W35,8/25/25,7,6,6.3,9.7,0.982,0.333,23:33:55,7:58:51,8.42,52,34,84,91,76,3038,0,4,1,3,0,5,7,8,0,0,0,2,0,3,91,0,148880.26,0,7527.73
2025-W34,8/18/25,7,7,4.7,9.9,1.001,0.339,0:00:51,8:08:23,8.13,49,38,83,92,75,3289,0,4,2,2,0,4,4,0,0,0,3,1,0,3,97,0,104491.6,0,3671.5
2025-W33,8/11/25,7,7,5.7,9.7,1.02,0.344,0:29:26,8:15:12,7.76,53,34,84,94,78,3152,0,7,2,3,2,4,4,0,0,1,2,3,0,6,90,57.6,139948.42,1750.56,2436.92
2025-W32,8/4/25,7,7,7,10,0.989,0.323,23:43:51,7:44:43,8.01,53,33,82,91,79,3301,1,6,2,4,0,2,3,1,1,0,2,3,0,5,67,0,128466.57,1011.4,7566.34
2025-W31,7/28/25,7,7,6.9,9.6,1.008,0.33,0:11:16,7:54:39,7.72,54,31,82,86,76,3194,1,4,1,3,0,4,5,9,0,0,0,2,1,5,56,0,266585.41,0,3274.68
2025-W30,7/21/25,7,7,6.2,9.8,1.001,0.33,0:01:21,7:54:39,7.89,55,31,83,82,79,3167,1,2,0,2,0,3,3,16,0,3,2,4,1,1,111,5671.92,272454.07,0,2377.79
2025-W29,7/14/25,7,7,5,9.6,1.012,0.341,0:17:09,8:11:42,7.91,53,35,85,83,80,3221,1,1,0,1,0,8,8,12,0,1,1,3,0,1,130,0,218149.34,0,3248.36
2025-W28,7/7/25,7,6,6.2,9.8,1.001,0.333,0:01:26,7:59:11,7.96,51,36,81,92,78,3243,0,2,0,2,0,5,5,13,1,2,0,3,1,2,128,1407.15,347389.29,0,137.21
2025-W27,6/30/25,7,4,6.6,9.3,0.981,0.324,23:32:25,7:47:16,8.25,55,26,83,82,84,3242,1,3,0,3,0,6,8,7,1,4,0,1,0,1,61,0,188619.79,1937.64,4187.47
2025-W26,6/23/25,7,7,6.3,9.9,1.006,0.34,0:07:56,8:09:33,8.03,54,35,86,72,81,3073,0,5,2,3,0,4,6,9,0,2,0,5,0,3,124,0,164175.68,0,1451.64
2025-W25,6/16/25,7,7,6.3,9.3,1,0.324,23:59:28,7:47:10,7.79,54,30,83,74,84,3097,3,3,2,1,0,2,3,16,0,0,0,1,1,3,105,0,216908.49,0,625.35
2025-W24,6/9/25,7,4,5.6,10,1.009,0.325,0:12:18,7:48:00,7.6,54,31,83,75,81,3097,0,1,0,1,0,5,6,11,0,0,0,0,1,0,135,0,381447.14,0,1163.1
2025-W23,6/2/25,7,4,5.6,10,0.985,0.323,23:38:38,7:44:27,8.1,53,30,86,65,85,3022,0,0,0,0,0,8,9,10,1,2,1,0,2,0,151,0,219797.13,0,52.37
2025-W22,5/26/25,7,7,4.7,10,0.982,0.303,23:34:24,7:16:57,7.71,52,30,86,74,84,3250,1,1,1,0,0,4,4,12,1,4,0,0,1,1,138,0,177654.96,0,1793.4
2025-W21,5/19/25,7,4,5.7,9.6,0.977,0.311,23:27:04,7:27:11,8,54,31,81,80,83,3108,0,3,0,3,0,7,8,6,0,2,0,1,1,0,132,0,229461.16,0,6696.63
2025-W20,5/12/25,7,7,4.6,8.9,0.979,0.312,23:29:17,7:28:39,7.99,52,33,91,65,83,3184,2,0,0,0,0,6,6,9,1,1,0,1,0,0,99,0,228313.95,0,555.67
2025-W19,5/5/25,7,7,6.1,9.7,0.975,0.315,23:23:34,7:32:54,8.16,51,34,89,85,85,3255,1,4,2,1,1,3,5,6,0,0,0,3,0,0,69,0,277562.97,0,3695.68
2025-W18,4/28/25,7,7,6.3,9.9,0.981,0.335,23:32:35,8:01:57,8.49,52,36,86,91,85,3449,2,6,1,4,1,5,6,8,0,0,1,0,1,0,100,0,212844.23,0,2202.24
2025-W17,4/21/25,7,7,5.6,10,1.012,0.339,0:17:26,8:08:15,7.85,53,29,83,89,80,3301,0,4,1,3,0,6,7,4,0,5,2,4,0,0,89,0,205584.31,0,5035
2025-W16,4/14/25,7,7,7.3,10,0.987,0.325,23:40:51,7:48:26,8.13,54,30,87,92,84,3414,0,6,3,2,1,4,7,5,0,2,4,2,0,0,100,0,227835.46,0,6336.12
2025-W15,4/7/25,7,7,6,10,1.006,0.332,0:08:21,7:58:06,7.83,54,30,84,87,80,3219,0,5,2,2,1,4,5,10,2,0,3,4,0,0,142,0,143155.8,0,5662.03
2025-W14,3/31/25,7,7,5,10,1.003,0.328,0:04:47,7:52:00,7.79,56,29,79,92,80,3345,0,7,2,4,1,5,7,10,1,2,1,3,1,0,134,2468.94,175888.68,0,1238.81
2025-W13,3/24/25,7,5,6.3,9.9,0.999,0.315,23:58:01,7:32:56,7.58,56,25,76,84,80,3360,0,6,3,3,0,6,6,6,1,1,2,2,0,0,128,0,690336.66,0,6548.4
2025-W12,3/17/25,7,7,5.9,8.7,0.995,0.323,23:53:26,7:45:19,7.86,58,25,79,89,82,3321,2,6,3,3,0,2,5,13,0,0,1,3,0,0,125,0,185502.5,0,3943.96
2025-W11,3/10/25,7,6,6,9.6,0.976,0.324,23:25:18,7:46:53,8.36,56,28,87,84,83,3254,1,6,3,3,0,5,7,3,0,2,2,3,1,0,152,0,226893.77,0,2007.45
2025-W10,3/3/25,7,7,7,10,0.99,0.33,23:45:18,7:55:08,8.16,56,29,84,93,84,3326,1,7,3,2,2,6,9,6,0,0,0,8,1,0,88,0,117098.75,0,2861.37
2025-W09,2/24/25,7,6,6,9.4,1,0.335,0:00:01,8:01:53,8.03,56,28,82,86,82,3282,2,5,3,2,0,1,1,0,0,4,2,7,0,0,79,0,400165.92,0,3187.12
2025-W08,2/17/25,7,3,7.2,9.7,0.983,0.333,23:35:17,7:59:01,8.4,59,26,76,87,83,3110,1,3,1,2,0,4,4,3,1,2,0,1,0,0,57,0,107369.24,0,180.91
2025-W07,2/10/25,7,7,6.3,7.7,1,0.32,0:00:19,7:41:28,7.69,56,27,77,61,84,3032,1,3,2,1,0,4,4,7,1,2,0,4,1,0,110,0,176213.53,0,0
2025-W06,2/3/25,7,3,2.7,3.3,0.961,0.353,23:03:53,8:28:55,9.42,60,22,53,,72,2666,10,0,0,0,0,5,6,2,3,1,2,3,0,1,210,0,1182791.12,0,2120.95
2025-W05,1/27/25,7,7,5.3,8.9,0.998,0.324,23:57:27,7:46:18,7.81,55,31,79,83,81,3132,3,4,2,0,2,1,1,1,0,3,1,1,0,1,102,0,175234.99,0,1406.44
2025-W04,1/20/25,7,7,7.1,10,0.996,0.318,23:54:43,7:37:39,7.72,55,33,82,92,79,3279,0,5,4,0,1,3,7,1,1,3,4,1,1,0,97,0,171242.3,0,0
2025-W03,1/13/25,7,7,6.4,10,1.005,0.326,0:07:14,7:48:44,7.69,54,34,81,90,78,3273,0,6,5,1,0,1,3,0,2,2,0,2,0,0,84,0,132365.9,0,74.96
2025-W02,1/6/25,7,7,6.9,10,0.999,0.328,23:58:40,7:52:54,7.9,54,32,86,86,82,3233,1,5,3,1,1,2,3,0,2,3,0,0,1,0,87,0,46792.13,0,206.83
2025-W01,12/30/24,7,6,7.6,9.4,1.01,0.348,0:14:48,8:20:58,8.1,56,30,79,89,81,3285,3,5,4,1,0,1,2,5,0,5,1,2,1,0,84,0,125784.73,0,2506.42
2024-W52,12/23/24,7,5,6.7,7.6,1.02,0.354,0:28:46,8:30:21,8.03,57,28,78,64,81,3080,4,2,1,1,0,0,5,14,1,3,0,4,1,0,73,0,267989.33,0,145.44
2024-W51,12/16/24,7,4,7,8.9,0.987,0.336,23:41:26,8:03:41,8.37,57,28,82,64,85,2951,2,2,0,1,1,6,7,9,0,5,0,1,0,0,85,0,151880.92,0,4614.47
2024-W50,12/9/24,7,7,6.7,8.1,0.987,0.318,23:41:45,7:38:16,7.94,54,34,84,62,84,3004,1,2,2,0,0,5,8,11,2,4,3,0,0,0,64,0,230589.77,0,0
2024-W49,12/2/24,7,7,4.9,7,1.001,0.329,0:01:48,7:53:37,7.86,56,27,79,68,80,2976,1,1,1,0,0,2,4,8,0,7,1,2,0,2,107,0,315330.39,0,0
2024-W48,11/25/24,7,5,6,10,0.989,0.339,23:44:39,8:08:28,8.4,53,32,84,68,84,2945,0,1,1,0,0,2,2,7,0,0,0,0,3,1,86,0,257349.41,0,0
2024-W47,11/18/24,7,7,6.1,9.3,0.974,0.311,23:23:09,7:27:43,8.08,55,29,78,82,83,3103,1,3,3,0,0,3,3,4,2,1,1,1,0,3,83,0,290054.42,0,83.19
2024-W46,11/11/24,7,7,6.1,8.9,0.995,0.311,23:53:01,7:27:52,7.58,54,32,79,88,82,3061,1,3,2,1,0,4,5,5,0,2,3,1,1,0,57,0,265204.86,2138.62,1527.29
2024-W45,11/4/24,3,7,5.7,8.7,0.95,0.302,22:47:21,7:14:48,8.46,54,34,83,78,86,3055,2,1,1,0,0,4,4,8,0,0,1,2,1,0,59,0,174134.17,0,1891.47
2024-W44,10/28/24,7,7,6.9,8.3,0.982,0.309,23:33:57,7:25:30,7.86,56,34,81,74,81,3117,1,4,2,1,1,6,6,8,1,4,4,2,1,0,100,0,198093.91,0,1143.99
2024-W43,10/21/24,3,7,7,9.7,0.994,0.329,23:52:04,7:53:44,8.03,55,32,79,91,84,3205,1,3,3,0,0,1,5,10,2,4,2,4,1,0,82,0,241426.7,0,2493.8
2024-W42,10/14/24,6,7,5.5,9.2,1.003,0.305,0:04:35,7:18:41,7.23,53,34,77,68,78,2985,0,1,1,0,0,7,7,6,0,0,0,4,0,0,77,0,439145.2,0,3440.25
2024-W41,10/7/24,6,7,5.8,9.7,1.009,0.316,0:12:17,7:35:26,7.39,52,37,87,76,80,3025,0,1,1,0,0,7,7,6,0,0,1,3,0,0,74,0,309035.64,0,1841.66
2024-W40,9/30/24,6,7,4.5,8.7,0.979,0.309,23:29:50,7:25:13,7.92,52,36,87,69,83,3011,0,3,1,2,0,3,3,7,0,0,0,2,2,0,72,0,185597.01,2156.33,3447.59
2024-W39,9/23/24,5,7,4.8,9,0.994,0.318,23:51:35,7:38:35,7.78,54,33,85,82,83,3131,0,4,1,3,0,6,6,2,0,0,0,3,0,0,63,0,351085.34,0,3467.06
2024-W38,9/16/24,7,7,4.3,9.1,0.986,0.321,23:39:47,7:42:29,8.05,52,33,82,83,82,3138,0,5,2,3,0,6,6,2,0,0,0,2,0,1,85,0,167382.05,0,0
2024-W37,9/9/24,7,3,4.6,8.1,0.988,0.329,23:43:00,7:53:31,8.18,54,31,82,93,82,3173,0,4,3,1,0,2,2,0,0,0,1,2,0,0,94,0,125862.18,1352.59,4735.56
2024-W36,9/2/24,7,7,4.7,7.9,1.02,0.331,0:28:22,7:57:11,7.48,55,33,73,92,77,3305,0,5,3,2,0,5,5,0,0,0,2,2,0,0,86,0,72358.72,0,3931.38
2024-W35,8/26/24,4,7,4.8,9,1.003,0.311,0:03:40,7:27:19,7.39,52,37,81,86,79,3061,0,3,1,2,0,8,8,0,0,0,1,1,1,0,98,0,149650.23,0,5208.33
2024-W34,8/19/24,6,6,5.8,10,0.982,0.312,23:33:31,7:28:47,7.92,51,39,87,81,81,3183,0,3,2,1,0,5,5,0,0,0,0,0,0,0,69,0,171374.94,0,6408.14
2024-W33,8/12/24,7,7,5.3,10,0.961,0.299,23:04:27,7:09:53,8.09,50,42,89,90,86,3344,0,6,3,3,0,5,5,0,0,0,1,0,0,0,32,0,137100.24,1977.33,4381.27
2024-W32,8/5/24,7,6,8,10,0.978,0.311,23:28:30,7:28:25,8,51,36,85,94,82,3583,0,7,4,2,1,3,3,0,0,0,0,0,0,0,75,0,83646.49,0,6167.43
2024-W31,7/29/24,7,7,5.9,10,0.994,0.339,23:51:22,8:08:47,8.29,51,38,87,96,84,3471,0,7,6,1,0,5,5,0,0,1,0,0,1,0,68,0,177435.28,0,7248.67
2024-W30,7/22/24,7,7,3.9,10,1.027,0.341,0:38:55,8:11:08,7.54,51,37,86,96,81,3349,1,8,5,2,1,2,3,0,1,0,0,0,1,0,47,7077,132836.6,0,1829.28
2024-W29,7/15/24,7,7,6.7,10,1.018,0.339,0:26:15,8:08:02,7.7,50,37,86,96,80,3466,1,8,5,2,1,5,6,0,1,3,2,1,0,0,45,0,139061.61,0,3757.94
2024-W28,7/8/24,7,7,6.1,10,1.021,0.335,0:30:13,8:02:46,7.54,50,38,84,94,78,3697,0,8,5,3,0,2,2,0,0,0,3,1,0,0,31,0,120396.61,2057.08,8714.6
2024-W27,7/1/24,7,5,6.3,10,1.015,0.354,0:21:14,8:29:09,8.13,50,40,87,83,81,3527,1,6,4,2,0,3,3,0,0,1,1,1,0,0,59,0,137024.97,0,5271.64
2024-W26,6/24/24,7,7,7.1,9.4,1.003,0.328,0:04:41,7:51:52,7.79,51,38,85,88,80,3634,0,8,4,4,0,3,4,0,0,0,4,1,0,0,88,0,96081.79,0,8515.19
2024-W25,6/17/24,7,7,7,8.7,1.025,0.342,0:35:51,8:12:13,7.61,52,33,83,94,82,3521,3,7,5,2,0,3,5,0,0,0,2,1,1,0,119,0,115528.52,0,10151.5
2024-W24,6/10/24,7,7,6.3,9.7,0.999,0.328,23:57:57,7:52:02,7.9,52,37,84,82,82,3634,1,9,5,3,1,1,1,0,0,0,1,2,2,0,47,0,139049.39,0,7583.19
2024-W23,6/3/24,7,7,7.1,9.6,1.01,0.319,0:14:00,7:39:29,7.42,55,34,81,82,79,3576,0,9,6,3,0,4,5,0,1,0,2,0,0,0,31,0,195468.85,0,6812.56
2024-W22,5/27/24,7,7,5.6,8.6,0.995,0.33,23:52:30,7:55:15,8.05,53,33,84,69,83,3200,3,5,2,2,1,1,1,5,0,0,2,0,0,0,115,0,147820.79,0,4187.42
2024-W21,5/20/24,7,5,4.9,9.7,1.009,0.312,0:12:51,7:29:10,7.27,53,35,83,63,81,2837,0,1,1,0,0,5,5,7,0,1,0,1,1,0,151,0,145107.53,0,2459.64
2024-W20,5/13/24,7,7,5.4,9,1.022,0.321,0:31:54,7:41:56,7.17,53,29,77,78,76,3036,1,2,1,1,0,2,2,7,1,0,0,1,0,2,90,0,139998.93,0,2096.19
2024-W19,5/6/24,7,7,5.4,9.9,0.98,0.31,23:31:22,7:27:06,7.93,53,32,85,79,83,3128,1,4,2,1,1,3,3,11,1,0,0,1,0,0,132,0,130782.93,0,1205.14
2024-W18,4/29/24,6,7,5.5,10,0.986,0.31,23:40:04,7:25:51,7.76,53,31,84,86,83,3078,0,2,1,1,0,7,8,13,1,0,0,1,1,0,86,0,220059.04,1203.33,822.34
2024-W17,4/22/24,7,7,6.7,9.6,0.992,0.321,23:48:30,7:42:38,7.9,53,31,82,85,81,3173,1,5,3,2,0,2,3,11,0,0,2,6,0,0,86,0,94485.09,0,2367.32
2024-W16,4/15/24,7,7,4.9,9.9,0.982,0.309,23:34:17,7:24:23,7.83,53,29,84,75,84,3093,0,3,2,1,0,4,5,4,1,1,2,3,1,0,89,0,172829.85,0,322.48
2024-W15,4/8/24,7,7,5,9.1,1.021,0.328,0:30:27,7:52:33,7.37,52,33,82,76,76,2990,0,3,2,1,0,3,4,5,0,0,1,2,0,1,98,0,100175.04,0,1272.86
2024-W14,4/1/24,7,7,6,9.3,0.979,0.303,23:29:30,7:17:00,7.79,53,34,81,90,78,3184,2,3,0,2,1,5,6,5,0,0,3,1,0,0,67,1810.86,221882.99,0,43.52
2024-W13,3/25/24,7,7,5.6,9.7,1.002,0.323,0:02:26,7:45:39,7.72,54,31,79,84,80,3221,1,3,2,1,0,3,4,9,0,0,4,3,1,0,75,0,12165.18,0,3897.94
2024-W12,3/18/24,7,5,6.3,10,0.982,0.298,23:33:49,7:09:05,7.59,54,33,84,85,82,3128,0,5,2,2,1,1,2,9,1,0,3,0,1,1,32,0,22741.37,0,2223
2024-W11,3/11/24,6,7,6.2,9.7,1.011,0.334,0:15:26,8:01:33,7.77,55,30,79,86,81,3208,1,3,1,1,1,2,4,10,0,0,3,0,0,0,44,0,42255.05,0,974.8
2024-W10,3/4/24,7,7,6.3,8.6,0.976,0.301,23:25:22,7:13:01,7.79,53,34,86,83,83,3163,1,4,2,1,1,7,7,4,0,0,2,0,0,0,62,0,14150.76,0,0
2024-W09,2/26/24,6,7,6.2,8.5,0.964,0.306,23:08:43,7:20:17,8.19,54,29,82,86,83,3172,0,5,2,2,1,2,4,14,1,1,1,0,1,0,93,0,18155.01,0,1580.86
2024-W08,2/19/24,7,4,5.6,8.7,0.964,0.307,23:08:05,7:21:23,8.22,55,28,83,87,83,3074,1,4,2,1,1,8,8,8,0,1,2,0,1,0,75,0,15015.87,0,2156.42
2024-W07,2/12/24,6,7,5.2,8.8,0.983,0.313,23:35:56,7:30:46,7.91,56,29,79,88,80,3033,1,6,3,2,1,5,7,9,0,0,3,0,0,0,47,0,41934.36,0,295.81
2024-W06,2/5/24,7,7,6.3,9.6,0.99,0.3,23:46:13,7:11:51,7.43,54,30,82,84,82,3207,1,6,3,2,1,3,4,4,0,0,7,4,0,0,59,0,13840.75,0,703.9
2024-W05,1/29/24,7,7,6,10,0.967,0.304,23:11:52,7:17:29,8.09,53,30,85,89,86,3250,0,4,2,1,1,3,5,4,0,0,2,0,1,1,68,0,31468.58,0,748.15
2024-W04,1/22/24,7,7,5.9,9.6,0.972,0.312,23:19:25,7:29:08,8.16,54,28,79,85,84,3176,1,6,3,2,1,4,6,7,1,0,0,0,2,0,73,0,19.37,0,0
2024-W03,1/15/24,6,7,7,10,0.992,0.315,23:49:01,7:33:52,7.75,56,29,80,86,81,3207,1,4,2,1,1,0,4,8,0,0,2,0,2,0,63,0,0,0,0
2024-W02,1/8/24,7,7,5.1,8.7,0.956,0.307,22:56:36,7:22:34,8.43,55,30,81,85,85,3198,1,5,3,1,1,4,4,5,2,0,3,3,1,1,68,0,0,0,0
2024-W01,1/1/24,7,7,6.4,9.9,0.983,0.318,23:35:14,7:38:13,8.05,55,30,81,69,81,3059,0,4,3,1,0,2,5,10,2,0,0,0,1,0,56,0,72458.88,0,107.85
2023-W53,12/25/23,5,5,7.2,10,1.025,0.369,0:36:13,8:50:39,8.24,54,32,84,76,81,3117,0,1,1,0,0,0,1,10,0,0,0,6,1,0,76,,,,
2023-W52,12/18/23,7,3,5.3,10,0.971,0.323,23:18:10,7:44:27,8.44,52,33,85,88,83,3212,0,4,2,2,0,1,3,8,1,0,0,1,1,0,59,,,,
2023-W51,12/11/23,7,7,6.4,10,0.979,0.306,23:29:56,7:21:11,7.85,54,30,81,85,85,3258,0,6,3,2,1,5,6,5,2,0,0,1,1,0,46,,,,
2023-W50,12/4/23,6,4,6.7,10,0.99,0.312,23:46:18,7:28:34,7.7,56,29,78,85,83,3180,1,3,1,2,0,11,12,8,0,0,1,1,0,0,69,,,,
2023-W49,11/27/23,7,7,6,10,1.017,0.318,0:24:35,7:38:22,7.23,55,30,78,80,77,3138,0,4,2,2,0,2,3,4,0,0,0,1,1,3,102,,,,
2023-W48,11/20/23,7,4,6.9,10,0.985,0.343,23:38:18,8:13:24,8.59,52,32,86,84,81,3188,1,2,1,1,0,2,4,12,0,1,0,3,0,1,62,,,,
2023-W47,11/13/23,7,7,6,9.7,0.957,0.287,22:57:48,6:53:01,7.92,51,33,87,90,84,3271,1,5,2,3,0,3,3,6,1,0,3,3,0,0,52,,,,
2023-W46,11/6/23,7,7,4.3,10,0.935,0.284,22:26:46,6:49:30,8.38,52,33,82,90,89,3212,1,4,2,1,1,3,4,13,0,1,3,3,1,0,50,,,,
2023-W45,10/30/23,7,7,6,10,1.011,0.32,0:16:01,7:40:49,7.41,53,31,82,71,80,3225,0,5,3,2,0,5,7,9,0,0,1,3,0,3,81,,,,
2023-W44,10/23/23,7,7,6,10,0.984,0.316,23:37:05,7:34:27,7.96,52,35,86,80,83,3147,0,4,2,2,0,5,7,9,0,2,0,3,0,2,81,,,,
2023-W43,10/16/23,7,7,5.9,10,0.981,0.306,23:32:53,7:20:13,7.79,51,33,82,89,84,3173,0,3,0,3,0,2,2,8,0,9,0,2,2,2,76,,,,
2023-W42,10/9/23,6,7,5.8,10,0.966,0.317,23:11:43,7:35:47,8.4,52,38,87,84,85,3224,0,5,3,2,0,1,1,9,0,9,3,3,0,1,97,,,,
2023-W41,10/2/23,7,5,6.1,9.1,0.985,0.316,23:38:09,7:35:14,7.95,54,34,82,83,81,3249,4,4,2,2,0,0,4,13,1,9,2,3,0,0,33,,,,
2023-W40,9/25/23,6,7,6.2,8.7,1.015,0.305,0:21:38,7:19:49,6.97,55,32,81,81,75,3188,5,3,2,1,0,3,4,22,1,30,0,0,0,0,68,,,,
2023-W39,9/18/23,7,7,6.3,10,0.965,0.298,23:10:18,7:09:37,7.99,54,30,82,82,85,3082,0,5,2,2,1,4,5,8,0,1,3,0,0,0,94,,,,
2023-W38,9/11/23,7,4,5.6,10,1.002,0.313,0:03:22,7:30:53,7.46,53,30,83,74,79,3151,0,2,1,1,0,5,6,5,2,1,0,0,0,0,34,,,,
2023-W37,9/4/23,7,7,5.6,10,0.966,0.302,23:10:42,7:15:14,8.08,54,30,75,76,81,3036,0,2,2,0,0,4,5,6,0,1,0,0,0,0,78,,,,
2023-W36,8/28/23,7,2,8.1,10,0.987,0.306,23:41:18,7:20:56,7.66,57,26,73,81,80,3024,0,1,1,0,0,6,8,7,0,0,0,0,0,0,16,,,,
2023-W35,8/21/23,7,7,5.6,9.8,0.976,0.305,23:26:05,7:18:53,7.88,53,30,79,82,81,3082,0,5,3,1,1,2,4,10,0,1,0,1,0,0,84,,,,
2023-W34,8/14/23,6,7,7,9.8,0.981,0.313,23:31:57,7:31:26,7.99,53,33,83,73,82,3015,0,2,1,1,0,4,4,11,0,2,1,1,1,0,76,,,,
2023-W33,8/7/23,7,5,7.9,10,0.994,0.338,23:52:00,8:07:03,8.25,57,25,73,56,82,2878,0,1,1,0,0,2,3,14,0,0,0,0,0,0,26,,,,
2023-W32,7/31/23,7,1,7.6,9.3,0.955,0.287,22:54:44,6:53:42,7.98,51,31,83,74,82,2996,2,2,1,1,0,2,4,7,0,0,0,0,0,0,64,,,,
2023-W31,7/24/23,6,7,6.5,9.8,0.972,0.315,23:19:04,7:33:13,8.24,53,32,89,72,86,3013,1,5,3,2,0,1,2,0,0,0,1,3,2,0,73,,,,
2023-W30,7/17/23,7,7,6.7,8.7,0.976,0.317,23:24:53,7:36:30,8.19,55,30,86,69,83,3054,0,3,3,0,0,1,1,5,2,0,0,2,1,0,75,,,,
2023-W29,7/10/23,7,4,7.3,7.7,0.978,0.312,23:27:57,7:28:39,8.01,56,26,77,76,81,2980,0,2,2,0,0,2,5,7,0,0,1,0,1,0,50,,,,
2023-W28,7/3/23,7,7,6.7,6.9,1.007,0.33,0:09:39,7:55:38,7.77,54,30,85,67,82,2987,5,3,3,0,0,1,2,3,0,3,3,2,2,0,66,,,,
2023-W27,6/26/23,7,2,7,7.1,1.01,0.331,0:14:44,7:56:06,7.69,57,26,74,73,81,3133,3,0,0,0,0,3,5,5,1,1,0,0,0,0,17,,,,
2023-W26,6/19/23,6,6,6.2,7.3,0.983,0.299,23:35:09,7:10:56,7.6,57,25,78,59,80,3082,10,0,0,0,0,2,2,9,0,1,0,4,0,0,99,,,,
2023-W25,6/12/23,7,7,4.4,6.4,0.978,0.297,23:27:52,7:08:09,7.67,55,27,82,53,83,2932,14,0,0,0,0,2,2,7,0,1,1,0,2,7,93,,,,
2023-W24,6/5/23,7,7,5.9,6.6,0.989,0.321,23:43:33,7:42:07,7.98,54,32,86,53,81,2881,14,1,0,1,0,0,1,3,1,1,4,2,0,5,68,,,,
2023-W23,5/29/23,6,7,4.8,7.7,0.978,0.314,23:28:59,7:32:49,8.06,52,36,84,68,78,2846,12,0,0,0,0,2,3,6,0,1,0,2,1,5,44,,,,
2023-W22,5/22/23,7,7,6,10,0.963,0.326,23:07:06,7:49:40,8.71,54,30,85,87,87,3081,1,2,2,0,0,4,4,3,0,0,0,3,1,4,30,,,,
2023-W21,5/15/23,5,7,6.4,10,1.018,0.318,0:26:28,7:38:03,7.19,54,33,80,82,79,3151,0,2,1,1,0,0,0,8,0,0,0,2,0,7,37,,,,
2023-W20,5/8/23,7,3,7.4,10,0.979,0.306,23:29:27,7:20:35,7.85,57,28,82,87,84,3069,0,3,2,0,1,8,13,14,0,2,0,2,0,1,43,,,,
2023-W19,5/1/23,7,6,6.1,10,0.968,0.298,23:13:43,7:09:26,7.93,54,32,84,90,83,3243,2,3,2,0,1,4,7,17,1,4,0,3,1,0,26,,,,
2023-W18,4/24/23,7,7,6.6,10,0.992,0.303,23:47:52,7:15:52,7.47,53,32,78,88,81,3246,0,4,3,1,0,3,3,9,0,3,5,2,0,0,26,,,,
2023-W17,4/17/23,6,7,7.2,10,1.003,0.334,0:04:50,8:00:33,7.93,52,33,85,72,81,3266,1,7,6,1,0,2,3,3,0,0,0,0,0,0,62,,,,
2023-W16,4/10/23,7,7,6.4,10,0.968,0.308,23:13:22,7:23:05,8.16,52,36,87,81,85,3207,0,4,3,1,0,0,3,0,0,0,0,0,0,0,65,,,,
2023-W15,4/3/23,7,7,7,10,0.987,0.296,23:41:05,7:05:35,7.41,52,33,90,76,85,3012,0,3,1,2,0,0,2,0,0,0,0,0,2,0,34,,,,
2023-W14,3/27/23,7,6,7.3,9.6,0.995,0.307,23:52:16,7:21:33,7.49,52,32,87,75,83,3134,1,3,2,1,0,0,3,0,0,0,0,0,0,0,36,,,,
2023-W13,3/20/23,7,7,5.1,8.6,0.947,0.354,22:43:13,8:29:13,9.77,64,24,61,63,91,2743,0,2,2,0,0,0,1,0,0,1,0,0,1,0,61,,,,
2023-W12,3/13/23,7,7,5.4,10,1,0,,,,,,,71,,2407,0,3,2,1,0,1,2,6,1,0,0,0,1,0,55,,,,
2023-W11,3/6/23,7,7,4.9,9.3,0.94,0.273,22:33:37,6:33:01,7.99,57,27,79,68,87,2887,3,2,2,0,0,7,8,10,0,0,0,4,0,0,66,,,,
2023-W10,2/27/23,7,7,5.9,8.9,0.976,0.303,23:25:35,7:15:52,7.84,58,27,82,77,83,2992,2,4,2,2,0,4,6,8,1,1,0,3,0,0,49,,,,
2023-W09,2/20/23,5,7,7.2,10,0.992,0.331,23:47:54,7:56:03,8.14,57,30,82,85,80,3113,0,3,3,0,0,3,4,10,0,5,0,3,0,0,47,,,,
2023-W08,2/13/23,7,7,6.9,9.9,0.978,0.299,23:27:43,7:10:43,7.72,56,26,78,84,81,3015,0,3,2,1,0,1,3,10,2,2,0,4,1,0,78,,,,
2023-W07,2/6/23,6,7,6.2,9.7,0.974,0.289,23:22:47,6:56:07,7.56,57,27,83,88,83,3078,2,4,3,1,0,1,1,7,1,0,0,1,0,1,68,,,,
2023-W06,1/30/23,7,7,6.3,9.4,1,0.315,0:00:19,7:34:11,7.56,56,26,78,86,80,3189,1,2,2,0,0,1,2,8,0,0,1,1,0,0,69,,,,
2023-W05,1/23/23,6,7,5.3,9.7,0.963,0.305,23:06:34,7:18:34,8.2,56,27,79,91,78,3085,1,2,1,1,0,1,4,4,0,0,0,0,0,0,89,,,,
2023-W04,1/16/23,6,5,6,9.8,0.997,0.345,23:55:35,8:16:45,8.35,57,26,74,82,79,3162,0,4,2,1,1,0,0,9,1,0,0,0,0,1,41,,,,
2023-W03,1/9/23,7,4,3.4,9.9,0.979,0.309,23:30:00,7:25:00,7.92,57,27,82,73,83,2966,0,1,0,1,0,5,6,5,0,1,0,1,1,1,21,,,,
2023-W02,1/2/23,7,6,5.4,10,0.977,0.322,23:26:15,7:44:15,8.3,59,24,78,85,84,3038,1,4,2,1,1,2,6,13,0,0,0,0,1,3,53,,,,
2022-W53,12/26/22,6,7,5.5,9.5,1.017,0.36,0:24:08,8:38:38,8.24,57,27,87,73,82,3027,0,4,3,1,0,3,3,8,0,1,0,0,4,2,138,,,,
2022-W52,12/19/22,7,4,5.6,10,0.992,0.33,23:48:10,7:55:40,8.13,57,27,83,73,83,2921,1,3,2,1,0,2,3,9,0,0,0,0,1,0,45,,,,
2022-W51,12/12/22,6,7,6.2,9.8,0.978,0.342,23:28:03,8:12:46,8.75,58,26,78,83,81,3023,0,4,3,1,0,1,1,8,0,1,0,1,1,1,96,,,,
2022-W50,12/5/22,7,7,7,10,0.981,0.309,23:33:09,7:24:35,7.86,56,30,78,86,82,3067,0,2,2,0,0,3,7,16,0,1,0,1,1,2,52,,,,
2022-W49,11/28/22,7,7,5.1,9.7,0.988,0.309,23:42:18,7:24:43,7.71,59,26,74,85,81,3059,1,5,3,1,1,4,4,10,0,0,0,0,0,1,98,,,,
2022-W48,11/21/22,6,4,7.2,10,0.983,0.34,23:36:07,8:09:33,8.56,54,35,86,85,84,3130,0,5,3,2,0,1,6,13,0,0,0,2,1,0,42,,,,
2022-W47,11/14/22,7,7,5,7.7,0.929,0.309,22:17:41,7:24:41,9.12,57,28,69,82,88,2774,0,2,1,0,1,2,2,7,1,1,0,5,2,0,88,,,,
2022-W46,11/7/22,6,7,4.5,5.3,0.978,0.301,23:27:41,7:12:51,7.75,66,20,60,69,82,2629,10,1,1,0,0,0,1,5,0,4,1,0,1,0,168,,,,
2022-W45,10/31/22,7,7,3.4,7,0.96,0.333,23:01:45,8:00:05,8.97,57,27,80,87,87,2935,0,2,0,2,0,1,2,10,0,6,0,0,0,0,113,,,,
2022-W44,10/24/22,6,7,6,8,0.989,0.308,23:44:35,7:23:52,7.65,57,24,77,,83,2959,1,0,0,0,0,0,1,6,0,10,2,4,0,0,67,,,,
2022-W43,10/17/22,7,7,4.3,6.6,0.97,0.308,23:16:14,7:23:04,8.11,56,29,80,63,82,2805,1,0,0,0,0,4,7,5,0,5,0,4,0,4,63,,,,
2022-W42,10/10/22,5,7,4.8,5.2,0.981,0.292,23:32:11,7:00:21,7.47,59,28,83,61,83,2920,7,2,2,0,0,1,2,6,1,5,0,2,0,6,44,,,,
2022-W41,10/3/22,7,6,4.6,6.6,1.002,0.346,0:02:20,8:18:20,8.27,53,30,83,66,83,2915,7,2,1,0,1,3,5,10,0,3,0,1,0,0,60,,,,
2022-W40,9/26/22,7,6,6.3,7.1,0.98,0.301,23:31:36,7:12:56,7.69,56,25,75,64,83,2932,6,1,0,1,0,3,6,11,0,5,0,2,0,0,44,,,,
2022-W39,9/19/22,7,7,5,6.9,1.02,0.3,0:28:24,7:12:34,6.74,56,28,78,57,80,2874,3,2,1,1,0,4,8,9,2,9,2,3,0,0,52,,,,
2022-W38,9/12/22,6,5,6.7,7.2,0.992,0.293,23:47:49,7:01:49,7.23,54,33,78,57,77,3041,2,2,1,0,1,2,2,8,0,6,2,2,0,0,22,,,,
2022-W37,9/5/22,6,7,5.8,6,0.962,0.296,23:04:58,7:05:41,8.01,54,32,81,61,83,2971,5,2,1,1,0,3,6,7,0,2,0,3,0,0,43,,,,
2022-W36,8/29/22,7,7,5.9,5.6,0.99,0.282,23:46:08,6:45:34,6.99,55,29,80,72,78,2992,3,0,0,0,0,3,5,13,0,0,1,1,0,0,58,,,,
2022-W35,8/22/22,7,7,5.9,5.6,0.96,0.298,23:01:58,7:08:24,8.11,58,24,74,84,85,3026,8,3,2,1,0,4,6,11,0,0,4,1,0,1,88,,,,
2022-W34,8/15/22,7,7,5.9,3.3,0.978,0.289,23:28:22,6:56:48,7.47,57,28,79,74,80,2940,16,1,0,1,0,2,4,6,1,2,3,1,2,0,78,,,,
2022-W33,8/8/22,7,6,6.9,4.9,0.979,0.278,23:29:27,6:41:02,7.19,57,29,76,77,81,2936,5,1,0,0,1,2,3,5,0,0,3,0,0,0,52,,,,
2022-W32,8/1/22,7,7,5.6,7.4,0.975,0.3,23:23:33,7:12:07,7.81,55,26,77,81,84,3047,7,1,1,0,0,3,3,11,0,1,6,1,0,1,86,,,,
2022-W31,7/25/22,7,7,3.9,9.9,0.969,0.287,23:14:39,6:53:30,7.65,51,31,81,91,85,2930,2,0,0,0,0,0,0,5,1,0,4,0,0,0,137,,,,
2022-W30,7/18/22,7,7,4,9.7,1.003,0.311,0:04:54,7:27:54,7.38,53,30,83,55,82,2851,3,0,0,0,0,0,0,1,0,1,2,1,3,1,139,,,,
2022-W29,7/11/22,7,7,5,8.4,0.955,0.303,22:55:54,7:16:20,8.34,53,32,91,61,83,2893,3,1,0,1,0,2,2,9,1,0,1,0,0,0,46,,,,
2022-W28,7/4/22,7,7,7.6,9,0.987,0.321,23:41:57,7:42:45,8.01,54,33,87,54,82,2967,0,1,1,0,0,1,2,12,0,0,0,2,2,0,92,,,,
2022-W27,6/27/22,7,4,6.7,5.6,0.956,0.283,22:55:59,6:47:35,7.86,50,34,82,87,84,3033,10,1,1,0,0,3,6,7,0,0,4,3,0,1,49,,,,
2022-W26,6/20/22,7,7,6.4,9.9,1.002,0.306,0:02:26,7:20:00,7.29,56,31,80,80,79,3283,3,4,1,2,1,2,2,1,0,0,2,1,0,0,91,,,,
2022-W25,6/13/22,7,7,6.9,10,0.952,0.308,22:50:13,7:23:04,8.55,55,29,83,82,88,2985,3,2,2,0,0,2,3,13,0,0,0,0,2,0,119,,,,
2022-W24,6/6/22,7,7,6.9,9.9,0.974,0.295,23:21:57,7:04:57,7.72,56,27,76,88,83,3269,5,2,2,0,0,0,2,10,0,0,0,4,0,0,56,,,,
2022-W23,5/30/22,3,3,7.7,10,0.995,0.334,23:52:25,8:00:16,8.13,59,27,68,82,79,3176,1,0,0,0,0,2,2,0,0,0,0,1,0,0,16,,,,
2022-W22,5/23/22,7,6,5.7,9.7,0.981,0.31,23:32:21,7:26:21,7.9,54,29,80,69,80,3054,1,1,1,0,0,3,6,8,1,1,1,0,1,0,57,,,,
2022-W21,5/16/22,7,7,5.6,10,0.958,0.286,22:59:13,6:51:38,7.87,54,31,79,73,80,2972,0,0,0,0,0,2,5,15,0,0,4,0,1,0,76,,,,
2022-W20,5/9/22,6,7,4.7,10,0.953,0.286,22:52:16,6:52:33,8,53,31,83,71,82,3188,0,1,1,0,0,0,3,11,0,2,4,0,0,0,119,,,,
2022-W19,5/2/22,7,7,6.7,10,0.973,0.295,23:20:47,7:05:17,7.74,55,30,75,74,80,2999,2,2,0,2,0,4,8,10,0,0,4,2,2,0,63,,,,
2022-W18,4/25/22,7,7,4.1,10,0.972,0.29,23:19:34,6:57:34,7.63,56,29,80,66,82,3191,0,2,1,1,0,3,3,9,0,0,4,1,0,0,108,,,,
2022-W17,4/18/22,7,7,4.9,10,0.963,0.294,23:06:32,7:03:52,7.96,55,31,86,75,82,2950,0,2,1,0,1,3,3,15,0,0,4,1,0,0,95,,,,
2022-W16,4/11/22,7,7,6,10,0.936,0.296,22:27:47,7:06:47,8.65,54,31,91,63,86,3003,1,1,1,0,0,2,3,8,1,0,5,1,1,0,68,,,,
2022-W15,4/4/22,7,7,5.4,10,0.955,0.29,22:54:45,6:56:53,8.04,52,34,92,63,87,2909,0,0,0,0,0,2,5,9,0,0,1,3,1,1,104,,,,
2022-W14,3/28/22,7,7,5.9,9.1,0.961,0.298,23:04:01,7:09:44,8.1,56,28,84,63,86,2935,1,2,0,2,0,1,4,13,0,0,4,1,1,0,91,,,,
2022-W13,3/21/22,7,7,6,10,0.971,0.283,23:18:47,6:47:47,7.48,57,26,82,67,84,2993,2,3,2,1,0,4,9,11,1,0,0,2,2,0,72,,,,
2022-W12,3/14/22,7,6,6.1,10,0.99,0.315,23:45:14,7:33:57,7.81,55,28,85,66,83,2901,0,2,0,2,0,4,8,14,0,1,0,1,2,1,57,,,,
2022-W11,3/7/22,7,7,6.1,10,0.985,0.31,23:38:30,7:26:56,7.81,55,29,78,77,80,2999,0,2,2,0,0,2,4,11,0,0,0,3,1,1,66,,,,
2022-W10,2/28/22,7,7,5.7,8.9,0.987,0.284,23:40:38,6:48:38,7.13,56,26,78,69,80,2978,1,2,1,1,0,3,4,10,0,2,0,1,1,0,41,,,,
2022-W09,2/21/22,7,7,5,10,0.956,0.291,22:56:13,6:59:30,8.05,56,28,82,75,83,2958,2,3,1,2,0,3,4,15,0,0,0,3,0,0,72,,,,
2022-W08,2/14/22,7,7,5.6,9,1.014,0.32,0:19:30,7:40:55,7.36,58,27,77,58,77,2891,3,0,0,0,0,1,2,9,0,0,1,1,0,1,71,,,,
2022-W07,2/7/22,7,7,5.6,8.6,0.99,0.329,23:45:48,7:53:31,8.13,58,29,79,65,80,2890,7,1,0,0,1,0,1,8,1,0,2,3,1,0,57,,,,
2022-W06,1/31/22,7,7,5.3,10,1.005,0.315,0:07:39,7:33:14,7.43,56,30,78,63,75,2942,1,2,2,0,0,1,2,10,0,2,3,1,0,0,84,,,,
2022-W05,1/24/22,7,7,5.3,8.9,1,0.365,0:00:05,8:44:55,8.75,59,25,75,84,79,2930,3,0,0,0,0,2,3,10,1,0,2,0,1,2,76,,,,
2022-W04,1/17/22,7,7,7.1,9.6,1.013,0.347,0:18:22,8:19:05,8.01,55,30,77,81,76,3140,2,2,1,0,1,2,3,12,1,4,1,1,0,4,64,,,,
2022-W03,1/10/22,7,7,6,10,0.986,0.299,23:40:18,7:11:09,7.51,55,31,75,84,76,3118,2,2,1,1,0,3,5,6,1,1,2,0,0,5,41,,,,
2022-W02,1/3/22,7,7,5.9,10,0.99,0.323,23:46:14,7:45:48,7.99,61,28,69,84,77,3086,4,2,2,0,0,1,2,11,1,21,0,1,1,4,42,,,,
2021-W53,12/27/21,7,7,6.1,10,1.021,0.32,0:29:47,7:40:27,7.18,55,32,71,79,75,3305,0,0,0,0,0,2,3,5,0,16,0,1,2,2,52,,,,
2021-W52,12/20/21,6,4,7,10,0.996,0.317,23:54:06,7:36:49,7.71,54,30,78,56,77,3101,1,0,0,0,0,4,9,17,0,24,1,0,0,0,53,,,,
2021-W51,12/13/21,7,7,6,10,0.975,0.291,23:23:41,6:58:41,7.58,53,31,84,58,80,2873,2,0,0,0,0,3,4,10,0,4,3,2,1,0,62,,,,
2021-W50,12/6/21,7,7,5.7,10,0.971,0.282,23:18:49,6:46:24,7.46,55,31,80,79,81,2982,2,3,1,2,0,4,4,5,0,1,6,0,0,0,86,,,,
2021-W49,11/29/21,7,7,6.4,10,0.995,0.294,23:52:45,7:02:54,7.17,59,26,71,79,76,2981,8,0,0,0,0,3,4,3,0,1,3,1,1,0,146,,,,
2021-W48,11/22/21,7,4,4.4,9.1,0.985,0.33,23:38:27,7:55:18,8.28,59,25,77,65,82,3049,7,1,1,0,0,0,2,5,0,0,0,5,1,0,66,,,,
2021-W47,11/15/21,7,5,5.9,10,0.928,0.274,22:16:54,6:34:11,8.29,57,30,78,78,83,2851,1,1,1,0,0,3,3,8,0,1,4,0,0,0,33,,,,
2021-W46,11/8/21,7,7,6.1,9.7,0.939,0.276,22:32:52,6:38:09,8.09,61,26,70,80,79,3039,0,3,1,2,0,1,2,7,0,1,2,5,2,0,60,,,,
2021-W45,11/1/21,6,7,5,7.7,0.985,0.341,23:38:36,8:10:28,8.53,67,19,56,71,74,2893,6,1,0,0,1,3,3,3,0,1,3,0,1,0,125,,,,
2021-W44,10/25/21,7,7,6,10,0.966,0.295,23:11:01,7:04:37,7.89,60,24,69,84,84,2998,4,1,1,0,0,3,7,6,0,0,0,0,1,0,126,,,,
2021-W43,10/18/21,7,7,6,9.9,0.992,0.307,23:48:34,7:21:34,7.55,60,26,62,89,78,3100,4,2,1,1,0,3,4,7,0,0,0,1,1,0,147,,,,
2021-W42,10/11/21,6,7,6.5,9.5,0.989,0.304,23:44:31,7:18:01,7.56,56,35,73,80,75,3122,1,1,1,0,0,5,6,5,0,0,0,4,0,0,90,,,,
2021-W41,10/4/21,7,7,6.3,10,0.987,0.309,23:40:37,7:24:25,7.73,56,36,77,78,77,3130,0,2,2,0,0,5,8,8,1,0,0,3,0,0,121,,,,
2021-W40,9/27/21,7,7,5,9.7,0.967,0.285,23:12:09,6:50:29,7.64,55,35,77,60,77,2924,7,1,1,0,0,4,5,2,0,0,0,1,0,0,117,,,,
2021-W39,9/20/21,7,6,5.9,9.9,0.972,0.27,23:19:14,6:28:14,7.15,54,33,74,70,79,1457,0,0,0,0,0,2,4,3,0,1,0,2,0,0,93,,,,
2021-W38,9/13/21,7,5,4.1,9.3,0.991,0.325,23:47:34,7:48:34,8.02,52,40,80,82,81,2665,1,0,0,0,0,3,9,11,1,1,0,0,0,0,54,,,,
2021-W37,9/6/21,6,7,5,9.5,0.976,0.312,23:24:46,7:29:46,8.08,55,36,76,80,79,3118,1,2,0,2,0,4,7,6,0,2,0,2,1,0,94,,,,
2021-W36,8/30/21,7,7,6.9,10,1,0.318,0:00:28,7:38:37,7.64,51,35,80,77,75,3111,4,0,0,0,0,4,7,6,0,1,2,1,1,0,160,,,,
2021-W35,8/23/21,7,7,5.1,10,0.96,0.295,23:02:31,7:04:14,8.03,50,40,81,92,81,3256,0,4,2,1,1,4,7,6,0,3,0,0,0,0,97,,,,
2021-W34,8/16/21,7,6,5.9,10,1.002,0.302,0:02:48,7:15:31,7.21,51,40,75,84,77,3250,1,5,3,1,1,2,5,5,0,4,1,0,0,1,77,,,,
2021-W33,8/9/21,7,7,6,10,1.001,0.293,0:02:06,7:02:26,7.01,52,38,76,86,76,3243,0,0,0,0,0,8,11,7,0,2,1,2,0,0,45,,,,
2021-W32,8/2/21,7,5,6.7,10,0.994,0.291,23:51:29,6:58:55,7.12,54,37,71,78,75,3399,0,7,3,3,1,3,4,6,0,2,3,1,1,3,54,,,,
2021-W31,7/26/21,6,6,6.3,10,0.99,0.309,23:45:56,7:24:30,7.64,52,36,84,65,78,3079,0,0,0,0,0,7,10,7,0,2,1,0,0,2,67,,,,
2021-W30,7/19/21,7,5,6.7,10,1.007,0.349,0:09:23,8:22:31,8.22,52,39,84,71,76,3076,0,0,0,0,0,0,3,7,0,1,2,1,0,2,100,,,,
2021-W29,7/12/21,7,7,5.6,10,0.986,0.317,23:39:17,7:36:43,7.96,54,37,80,87,80,3238,0,1,0,1,0,2,3,3,0,1,2,2,0,3,88,,,,
2021-W28,7/5/21,6,7,4.3,10,0.967,0.321,23:11:52,7:42:09,8.5,60,28,64,0,82,3128,4,0,0,0,0,1,5,5,0,1,5,1,1,4,100,,,,
2021-W27,6/28/21,7,7,5.3,10,0.973,0.324,23:21:02,7:45:53,8.41,53,33,79,56,78,3082,6,3,2,1,0,0,0,7,0,2,4,2,1,3,47,,,,
2021-W26,6/21/21,7,2,5.7,9.7,0.961,0.329,23:03:20,7:54:02,8.85,53,36,87,70,84,3252,2,0,0,0,0,1,6,5,1,1,1,2,0,1,30,,,,
2021-W25,6/14/21,6,4,5.5,9.7,0.971,0.311,23:17:55,7:28:03,8.17,53,36,84,79,80,3179,2,3,2,1,0,3,5,8,0,3,5,1,0,0,35,,,,
2021-W24,6/7/21,7,3,6.6,9.6,0.968,0.309,23:13:16,7:25:33,8.2,54,37,85,84,84,3101,0,3,3,0,0,0,4,7,0,1,1,1,1,0,48,,,,
2021-W23,5/31/21,5,4,6.4,8.6,1.016,0.325,0:22:56,7:47:48,7.41,56,32,74,85,76,3139,3,3,2,0,1,0,5,11,1,2,1,4,1,0,28,,,,
2021-W22,5/24/21,7,7,5.4,9.9,0.987,0.332,23:41:11,7:58:01,8.28,54,36,83,78,82,3198,0,2,2,0,0,1,2,4,0,0,4,3,2,0,70,,,,
2021-W21,5/17/21,7,7,5.7,9.6,0.969,0.298,23:15:57,7:08:31,7.88,52,40,86,72,81,3078,2,3,2,0,1,2,5,4,0,1,4,3,0,0,77,,,,
2021-W20,5/10/21,7,7,7,8.7,0.988,0.307,23:42:44,7:21:27,7.65,54,37,81,77,80,3238,5,4,4,0,0,2,4,3,0,2,6,0,1,0,53,,,,
2021-W19,5/3/21,6,4,6.7,8.2,0.961,0.312,23:04:11,7:29:21,8.42,54,37,84,76,83,3170,6,4,4,0,0,2,6,6,0,1,2,1,0,0,39,,,,
2021-W18,4/26/21,7,4,6.9,8.7,0.964,0.299,23:08:47,7:10:47,8.03,53,36,83,79,82,3187,2,3,2,0,1,2,6,4,0,0,0,1,1,0,52,,,,
2021-W17,4/19/21,7,6,7.4,7.3,0.979,0.291,23:29:15,6:58:41,7.49,55,33,79,84,81,3289,6,3,1,1,1,3,6,4,0,2,1,1,0,1,48,,,,
2021-W16,4/12/21,7,4,6,7.1,0.98,0.292,23:31:32,6:59:57,7.47,55,36,81,84,80,3171,4,3,2,0,1,1,2,2,0,4,5,1,0,1,55,,,,
2021-W15,4/5/21,7,7,6,7.9,0.974,0.301,23:23:03,7:13:03,7.83,57,34,79,79,78,3192,5,3,3,0,0,1,1,1,1,6,1,2,1,1,60,,,,
2021-W14,3/29/21,7,5,6.4,7,0.972,0.304,23:20:05,7:17:31,7.96,56,32,79,82,82,3173,8,3,3,0,0,3,5,4,0,9,2,3,2,1,30,,,,
2021-W13,3/22/21,7,6,5.4,5.7,0.959,0.311,23:01:16,7:27:16,8.43,57,34,81,78,85,3151,11,3,1,0,2,1,6,5,0,4,6,1,0,1,28,,,,
2021-W12,3/15/21,7,5,6.3,5.7,1,0.335,23:59:41,8:02:15,8.04,57,33,83,67,79,3023,13,3,2,0,1,3,7,5,0,7,0,1,1,0,12,,,,
2021-W11,3/8/21,7,5,5.9,5.4,0.981,0.314,23:32:43,7:32:34,8,54,33,88,66,81,2992,13,3,2,0,1,1,2,3,0,10,3,0,1,3,32,,,,
2021-W10,3/1/21,7,7,4.7,5.6,0.958,0.314,22:59:31,7:32:23,8.55,55,32,85,72,85,3026,18,3,2,0,1,2,6,2,0,3,2,2,0,3,39,,,,
2021-W09,2/22/21,7,7,4.9,4.6,0.985,0.307,23:38:12,7:22:38,7.74,56,33,84,62,81,3003,24,3,2,0,1,0,0,3,0,4,1,2,0,5,26,,,,
2021-W08,2/15/21,6,4,5.5,5.5,0.979,0.334,23:29:47,8:01:29,8.53,57,31,79,65,81,2992,18,3,2,0,1,3,6,2,0,3,0,0,1,1,33,,,,
2021-W07,2/8/21,7,7,4.9,4.4,0.992,0.318,23:48:37,7:38:20,7.83,57,36,80,80,79,3080,18,3,2,0,1,1,2,0,0,2,1,1,1,2,68,,,,
2021-W06,2/1/21,7,6,6.3,7.4,0.981,0.322,23:32:41,7:43:11,8.18,58,32,76,90,81,2972,7,3,2,0,1,2,5,6,1,3,1,3,0,2,44,,,,
2021-W05,1/25/21,7,6,7,8.3,0.992,0.313,23:47:48,7:30:31,7.71,58,28,72,85,79,3091,12,3,3,0,0,1,5,4,2,3,4,2,2,1,34,,,,
2021-W04,1/18/21,7,6,4.9,8,0.994,0.327,23:51:16,7:50:59,8,58,29,76,80,81,3045,9,3,1,1,1,0,1,4,1,1,0,1,1,3,29,,,,
2021-W03,1/11/21,7,7,5.7,7.4,0.973,0.319,23:20:59,7:39:09,8.3,59,28,78,85,83,2987,6,3,3,0,0,1,4,4,0,1,0,1,1,1,31,,,,
2021-W02,1/4/21,7,6,5.7,8,0.979,0.342,23:29:03,8:12:29,8.72,59,29,73,87,84,2991,7,3,2,0,1,1,3,2,0,2,1,0,0,2,32,,,,
2020-W53,12/28/20,7,3,6.4,8.6,1.087,0.41,2:05:22,9:50:05,7.75,59,28,60,88,71,3146,3,1,1,0,0,2,3,9,0,0,1,0,2,1,13,,,,
2020-W52,12/21/20,7,3,7,7.1,1.017,0.345,0:23:55,8:17:04,7.89,57,28,70,79,78,3136,8,3,2,0,1,2,6,1,1,2,1,4,1,4,20,,,,
2020-W51,12/14/20,7,7,4.7,8,0.968,0.334,23:14:15,8:00:49,8.78,53,38,79,78,79,3016,14,2,1,0,1,0,1,4,0,2,2,0,0,5,20,,,,
2020-W50,12/7/20,7,6,5.3,7.1,0.975,0.313,23:24:41,7:31:07,8.11,53,38,80,74,81,3074,12,2,2,0,0,2,4,2,0,0,1,1,1,3,41,,,,
2020-W49,11/30/20,7,6,4.9,10,0.955,0.32,22:55:08,7:41:08,8.77,53,34,79,82,83,3050,4,2,2,0,0,0,1,0,1,3,1,1,0,5,17,,,,
2020-W48,11/23/20,7,7,7,9.7,0.979,0.319,23:29:11,7:39:11,8.17,51,37,79,81,79,3164,7,4,3,0,1,0,1,0,0,4,1,1,0,7,29,,,,
2020-W47,11/16/20,7,7,5.4,10,0.955,0.315,22:54:59,7:33:33,8.64,50,42,80,80,81,3082,1,2,2,0,0,1,1,0,1,3,1,6,1,5,34,,,,
2020-W46,11/9/20,7,7,6.4,10,0.995,0.323,23:52:54,7:44:45,7.86,50,41,75,67,75,2976,5,3,2,0,1,0,2,0,0,6,2,0,0,7,21,,,,
2020-W45,11/2/20,6,6,4,10,0.972,0.287,23:19:01,6:53:01,7.57,51,39,70,52,74,2922,3,1,1,0,0,1,4,7,0,1,0,1,0,4,16,,,,
2020-W44,10/26/20,6,3,6.4,9.6,0.962,0.279,23:05:38,6:41:26,7.6,52,38,80,55,77,2732,1,0,0,0,0,3,9,4,0,6,1,1,0,3,17,,,,
2020-W43,10/19/20,6,7,4.7,10,0.978,0.302,23:28:04,7:15:04,7.78,49,44,84,61,81,2935,2,2,2,0,0,2,4,8,0,4,1,3,1,5,26,,,,
2020-W42,10/12/20,7,5,5,9.7,0.977,0.283,23:27:35,6:48:10,7.34,51,42,82,69,81,2954,4,4,2,1,1,2,3,3,0,4,1,1,1,4,50,,,,
2020-W41,10/5/20,6,0,5.7,9.8,0.942,0.283,22:36:02,6:46:53,8.18,53,39,83,82,85,3160,5,2,1,0,1,4,10,2,0,6,3,1,0,2,45,,,,
2020-W40,9/28/20,7,7,5.7,9.6,0.959,0.281,23:00:18,6:44:52,7.74,52,40,81,70,81,2990,4,3,3,0,0,2,4,2,0,6,1,2,2,3,70,,,,
2020-W39,9/21/20,5,4,5.4,10,0.96,0.276,23:02:28,6:37:11,7.58,52,39,78,82,82,3023,1,5,4,0,1,1,2,0,1,7,2,1,0,4,67,,,,
2020-W38,9/14/20,6,5,6.8,9,0.96,0.27,23:02:02,6:28:19,7.44,53,37,81,76,81,3057,4,2,1,1,0,2,6,1,1,11,0,3,1,2,53,,,,
2020-W37,9/7/20,7,7,6.4,8.7,0.945,0.257,22:40:11,6:10:45,7.51,52,42,82,69,81,2974,3,3,2,0,0,1,2,0,0,4,2,0,0,2,57,,,,
2020-W36,8/31/20,7,7,4.4,8.7,0.938,0.249,22:30:06,5:58:49,7.48,53,40,83,70,82,3042,3,4,2,1,1,1,1,0,1,3,1,0,1,2,38,,,,
2020-W35,8/24/20,7,7,6.3,8.3,0.937,0.267,22:29:43,6:24:26,7.91,55,38,82,65,83,2942,5,0,0,0,0,2,2,2,0,12,0,1,2,4,39,,,,
2020-W34,8/17/20,5,7,5.4,8,0.959,0.312,23:01:13,7:29:31,8.47,52,42,84,80,85,2987,10,0,0,0,0,4,5,4,1,4,3,0,0,2,40,,,,
2020-W33,8/10/20,7,7,6.4,6.4,0.951,0.257,22:49:55,6:10:12,7.34,52,39,78,88,82,3108,12,0,0,0,0,1,1,0,0,1,6,2,1,3,52,,,,
2020-W32,8/3/20,6,7,5.8,7.3,0.961,0.273,23:03:48,6:32:40,7.48,54,37,71,81,78,3166,8,0,0,0,0,1,3,0,1,1,4,1,1,2,36,,,,
2020-W31,7/27/20,7,4,5.6,5.7,0.96,0.301,23:01:42,7:13:59,8.2,53,39,84,59,83,2821,19,0,0,0,0,0,1,1,0,0,2,1,0,1,29,,,,
2020-W30,7/20/20,7,7,5.9,8.7,0.939,0.248,22:32:04,5:56:38,7.41,53,36,78,70,80,2908,19,0,0,0,0,3,3,1,0,1,1,1,1,5,40,,,,
2020-W29,7/13/20,7,7,5.4,8.6,0.937,0.264,22:29:43,6:20:00,7.84,54,36,78,77,81,2965,9,1,0,0,0,2,4,2,0,10,5,3,0,5,36,,,,
2020-W28,7/6/20,7,7,4.9,8.4,0.945,0.277,22:40:10,6:39:19,7.99,52,37,83,67,82,2956,27,1,1,0,0,2,2,0,1,7,3,0,1,3,42,,,,
2020-W27,6/29/20,7,6,6,8,0.953,0.273,22:52:24,6:32:24,7.67,52,37,81,57,79,2816,13,2,1,0,0,2,3,2,0,2,1,1,2,5,30,,,,
2020-W26,6/22/20,6,7,6.5,8.7,0.935,0.263,22:26:22,6:19:22,7.88,54,38,78,75,82,2988,20,3,2,0,0,1,2,0,6,9,3,3,1,4,71,,,,
2020-W25,6/15/20,3,7,5.7,9.3,0.969,0.289,23:15:10,6:56:45,7.69,52,40,77,74,80,2975,4,1,1,0,0,2,2,3,1,1,2,0,0,1,52,,,,
2020-W24,6/8/20,6,7,6.2,9.7,0.974,0.293,23:23:00,7:01:18,7.64,53,41,79,72,78,3056,3,3,1,1,1,2,5,2,1,1,2,3,1,4,41,,,,
2020-W23,6/1/20,7,6,5.9,8.7,0.955,0.283,22:55:40,6:47:06,7.86,52,39,78,79,81,3032,3,3,2,0,1,1,1,3,0,0,2,5,0,2,61,,,,
2020-W22,5/25/20,7,5,4.9,9.9,0.947,0.278,22:43:40,6:39:57,7.94,52,39,77,87,80,3113,2,2,2,0,0,1,2,1,0,0,3,4,1,3,36,,,,
2020-W21,5/18/20,7,7,5.9,9.4,0.931,0.268,22:20:30,6:26:38,8.1,53,37,78,81,84,3210,4,2,2,0,0,1,1,0,0,1,3,5,0,3,32,,,,
2020-W20,5/11/20,7,7,6.3,10,0.943,0.242,22:37:15,5:48:25,7.19,51,41,75,77,76,3068,0,3,3,0,0,1,1,2,0,3,0,4,0,5,31,,,,
2020-W19,5/4/20,7,7,6.1,9,0.936,0.255,22:27:38,6:06:29,7.65,52,41,76,78,80,3023,4,2,1,1,0,0,0,0,2,1,5,3,2,3,44,,,,
2020-W18,4/27/20,7,6,6.7,9.1,0.953,0.295,22:51:51,7:04:09,8.2,53,37,75,81,83,3001,0,3,2,0,1,1,2,1,0,1,3,2,1,2,35,,,,
2020-W17,4/20/20,7,7,7.3,9.5,0.946,0.253,22:42:36,6:04:19,7.36,54,37,72,80,79,3121,1,2,2,0,0,0,0,2,0,0,3,4,0,3,51,,,,
2020-W16,4/13/20,7,7,5.7,9.1,0.925,0.251,22:11:17,6:01:59,7.85,53,38,77,72,78,3039,6,3,3,0,0,0,1,0,0,3,1,7,1,3,40,,,,
2020-W15,4/6/20,7,7,6,10,0.929,0.25,22:18:18,5:59:43,7.69,51,38,75,77,80,3109,0,2,2,0,0,1,2,0,0,0,1,2,0,1,47,,,,
2020-W14,3/30/20,7,7,7.4,8.7,0.959,0.248,23:00:24,5:57:07,6.95,52,37,70,74,76,2981,3,2,2,0,0,0,1,1,0,2,2,3,2,4,4,,,,
2020-W13,3/23/20,7,7,7.3,9.3,0.962,0.276,23:05:09,6:37:49,7.54,50,37,78,66,79,3035,2,3,3,0,0,1,1,0,1,2,7,2,0,3,34,,,,
2020-W12,3/16/20,7,7,6.4,9.7,0.959,0.256,23:00:59,6:07:59,7.12,51,39,78,66,77,2898,4,2,2,0,0,0,0,0,0,5,4,1,4,3,33,,,,
2020-W11,3/9/20,6,6,7,9.5,0.947,0.253,22:43:01,6:04:11,7.35,50,39,78,68,78,2874,9,3,2,1,0,0,2,1,0,4,0,0,1,1,47,,,,
2020-W10,3/2/20,7,7,5.3,10,0.91,0.244,21:50:41,5:51:49,8.02,52,37,81,66,81,2873,5,2,1,1,0,0,2,1,0,4,0,0,1,1,39,,,,
2020-W09,2/24/20,7,7,5.6,10,0.938,0.247,22:30:25,5:56:05,7.43,51,36,84,71,76,2831,2,2,1,1,0,2,3,1,0,8,4,4,1,0,47,,,,
2020-W08,2/17/20,7,7,6.4,9.9,0.899,0.234,21:34:49,5:37:40,8.05,51,37,85,79,82,2861,15,4,4,0,0,0,0,4,0,13,4,0,3,2,31,,,,
2020-W07,2/10/20,7,7,6.6,10,0.901,0.233,21:37:55,5:34:55,7.95,52,37,78,81,77,2884,11,3,2,1,0,2,4,4,0,8,1,1,2,0,43,,,,
2020-W06,2/3/20,7,5,7,10,0.92,0.246,22:05:26,5:54:34,7.82,53,36,70,85,80,2991,2,3,2,1,0,1,5,3,1,8,3,0,2,0,30,,,,
2020-W05,1/27/20,7,7,6,9.6,0.929,0.219,22:17:47,5:15:13,6.96,53,35,73,66,77,2796,4,3,1,2,0,1,3,1,1,11,3,1,0,3,83,,,,
2020-W04,1/20/20,7,7,7.1,8.3,0.932,0.227,22:22:19,5:26:53,7.08,54,38,72,75,76,2836,2,3,2,1,0,6,10,3,1,18,1,0,1,0,23,,,,
2020-W03,1/13/20,7,7,5.8,8.3,0.941,0.229,22:34:43,5:29:51,6.92,53,38,70,77,78,2895,3,4,2,1,1,0,0,0,0,20,3,1,3,0,66,,,,
2020-W02,1/6/20,7,7,5,6.3,0.884,0.261,21:12:49,6:16:23,9.06,59,28,53,73,66,2700,10,1,0,0,1,0,1,0,0,20,2,2,0,0,62,,,,
2020-W01,12/30/19,7,6,6.5,8.3,0.989,0.265,23:44:34,6:21:43,6.62,56,35,65,71,72,2991,3,2,2,0,0,0,0,0,1,10,1,2,0,0,58,,,,
